あり,一男
あり,回数 券
ひろあき,光海
へら,のない
イヴァン,聖名
キノコ,食用
コーナー,ゲスト
サイト,ＵＦＣ 公式
スキル,融合
スコープ,大映
デザイナー,衣装
ヒット,ロング
プロデュース,ＲＡＴ
レンズ,通称 ＤＡ
三郎,本名
中退,同志社 大学
中退,早稲田 大学
中退,桜美 林 大学
主催,韻踏合組合
人,カーデシア
人,グルジア
人,チェコ
付,大村 航空 隊
代表,ひえ ばた 園
代表,アルジェリア
代表,ウェールズ
代表,ガーナ
代表,コモロ
代表,コートジボワール
代表,ジャマイカ
代表,セルビア
代表,月蝕 歌劇 団
会員,英国 時計 学会
会社,スカウト
会長,庄内 交通
会長,鉄道 貨物 協会
住持,勝興 寺
住職,大谷 本願寺
佐吉,別名 仏
作,長田 育恵
作品,ピアノ
作品,東宝 映画
作家,ＳＦ
傘下,東映 グループ
出身,アルメニア
出身,イギリス
出身,カラボソ
出身,クシャトリア
出身,シュヴェリーン
出身,ストックホルム
出身,スペイン
出身,タンディル
出身,ハジャイ
出身,ハリウッド
出身,ハールレム
出身,バークシャー
出身,ピルゼン
出身,ベルファスト
出身,ポーゼン
出身,マスタートン
出身,マドリード
出身,ミシュコルツ
出身,日本 大学
出身,明星 学園
出身,福岡 藩
制作,日本 テレビ
制作,関西 テレビ
制作,ＣＭＣ
卒,上野 学園 大学
卒,東京 専門 学校
卒,流通 経済 大学
卒,陸軍 戸山 学校
卒業,天理 大学
卒業,学習 院 大学
卒業,愛知 高校
卒業,東京 藝術 大学
卒業,神奈川 大学
卒業,私立 光道 館
卒業,鹿屋 体育 大学
博士,京都 大学 理学
博士,自動車
原産,マダガスカル
去り,連れ
叙勲,没後 正五位
名,団体
園,移動 動物
地域,純 農村
城主,庁 南
報,凱歌 帰
場,１６
場,２ 幕 ３０
場,２２
塾生,盛和塾 横浜
士,文学
多数,ほか
多数,著書
大学,通称 イェーナ
委員,薬剤 師 試験
学者,商法
学長,岩手 県立 大学
宣言,通称 義烈団
家老,加賀 藩
寧,本名 伊古田
対応,トランパス
専攻,東 アジア 史
常務,松竹
年刊,１９５８
年刊,１９９７
座長,劇団青年座 初代
形式,割 拝殿
感謝,日々
所属,アストラル
所属,アックトップ
所属,イエローテイル
所属,オフィスキコ
所属,オーデンセ ＢＫ
所属,スタンレー 電気
所属,セビージャ ＦＣ
所属,ティーパワーズ
所属,ノヴァウニオン
所属,パパドゥ
所属,ヘリンボーン
所属,ボルシア ＭＧ
所属,リベルタ
所属,劇団 文学 座
所属,南葛 ＳＣ
所属,東芝 ＥＭＩ
所属,民主 共和党
所属,浪曲 親友 協会
所属,現代 制作 舎
所属,福井 支部
所属,ＢＲＲ
所属,ＣＡ ラヌース
所属,Ｅ．Ｓ．Ｇ
所属,ＦＣ ユトレヒト
所属,ＲＥＡＬＷＡＶＥ
所属,ＲＯＢＯＴ
担当,国際 政治 講座
放送,月曜日
教授,敬愛 大学
教授,滋賀 県立 大学
族,猿
旗人,蒙古 正藍
時代,南北 朝
書記,朝鮮 労働 党
期,７７
次元,異
殤公,臨邑
段,合気 会 八
消滅,現在
物,４ 幕
獲得,銀 メダル
王,武 都
生まれ,カセレス
生まれ,キャンベラ
生まれ,チベット
生まれ,ハルピン
生まれ,マルタ
生まれ,マンチェスター
生まれ,モスクワ
生まれ,東京 千住
生まれ,水戸
生まれ,牛込
生産,初回 限定
病院,臨床 研修 指定
監修,細谷 正充
石,３００
社長,キー チャンズ
祭,文化
種,食用
米,その後 渡
総長,京都 大学
自身,島崎 藤村
藩士,水戸
衆,伊那
複葉,羽 状
認定,人間 国宝
講師,上野 学園 大学
議員,貴族院 伯爵
配信,毎週 木曜
門下,岩田 一九 段
陪臣,彦根 藩
頭取,北都 銀行 初代
顧問,東京 海上
顧問,致道 博物 館
顧問,電通
（）,ボログネシ
１２,型式 名 ＪＣ
１６３,棋士 番号
２１９４,登録 番号
３２,宝算
３３,享年
３７９５,登録 番号
４０,型式 名 ＳＣ
４２,作品
４２３８,登録 番号
５１,背番号
ＣＢＡ,略称
ＣＰＵ,対
ＩＢＬ,略称
